Email,Address,Avatar,Avg. Session Length,Time on App,Time on Website,Length of Membership,Annual Amount Spent
mstephenson@fernandez.com,"835 Frank Tunnel
Wrightmouth, MI 82180-9605",Violet,34.50,12.66,39.58,4.08,587.95
hduke@hotmail.com,"4547 Archer Common
Diazchester, CA 06566-8576",DarkGreen,31.93,11.11,37.27,2.66,392.20
pallen@yahoo.com,"24645 Valerie Unions Suite 582
Cobbborough, DC 99414-7564",Bisque,33.00,11.33,37.11,4.10,487.55
riverarebecca@gmail.com,"1414 David Throughway
Port Jason, OH 22070-1220",SaddleBrown,34.31,13.72,36.72,3.12,581.85
mstephens@davidson-herman.com,"14023 Rodriguez Passage
Port Jacobville, PR 37242-1057",MediumAquaMarine,33.33,12.80,37.54,4.45,599.41
alvareznancy@lucas.biz,"645 Martha Park Apt. 611
Jeffreychester, MN 67218-7250",FloralWhite,33.87,12.03,34.48,5.49,637.10
katherine20@yahoo.com,"68388 Reyes Lights Suite 692
Josephbury, WV 92213-0247",DarkSlateBlue,32.02,11.37,36.68,4.69,521.57
awatkins@yahoo.com,"Unit 6538 Box 8980
DPO AP 09026-4941",Aqua,32.74,12.35,37.37,4.43,549.90
vchurch@walter-martinez.com,"860 Lee Key
West Debra, SD 97450-0495",Salmon,33.99,13.39,37.53,3.27,570.20
bonnie69@lin.biz,"PSC 2734, Box 5255
APO AA 98456-7482",Brown,31.94,11.81,37.15,3.20,427.20
andrew06@peterson.com,"26104 Alexander Groves
Alexandriaport, WY 28244-9149",Tomato,33.99,13.34,37.23,2.48,492.61
ryanwerner@freeman.biz,"Unit 2413 Box 0347
DPO AA 07580-2652",Tomato,33.88,11.58,37.09,3.71,522.34
knelson@gmail.com,"6705 Miller Orchard Suite 186
Lake Shanestad, MO 75696-5051",RoyalBlue,29.53,10.96,37.42,4.05,408.64
wrightpeter@yahoo.com,"05302 Dunlap Ferry
New Stephaniehaven, MP 42268",Bisque,33.19,12.96,36.14,3.92,573.42
taylormason@gmail.com,"7773 Powell Springs Suite 190
Samanthaland, ND 44358",DarkBlue,32.39,13.15,36.62,2.49,470.45
jstark@anderson.com,"49558 Ramirez Road Suite 399
Phillipstad, OH 35641-3238",Peru,30.74,12.64,36.21,3.36,461.78
wjennings@gmail.com,"6362 Wilson Mountain
Johnsonfurt, GA 15169",PowderBlue,32.13,11.73,34.89,3.14,457.85
rebecca45@hale-bauer.biz,"8982 Burton Row
Wilsonton, PW 88606",OliveDrab,32.34,12.01,38.39,2.42,407.70
alejandro75@hotmail.com,"64475 Andre Club Apt. 795
Port Dannytown, PW 63227",Cyan,32.19,14.72,38.24,1.52,452.32
samuel46@love-west.net,"544 Alexander Heights Suite 768
North Johnview, MT 57912",LightSeaGreen,32.62,13.99,37.19,4.06,605.06
megan33@gmail.com,"84426 Julia Vista
North Teresa, KY 50756",PeachPuff,32.91,11.37,37.61,4.60,534.71
agolden@yahoo.com,"PSC 2490, Box 2120
APO AE 15445-2876",Black,33.50,12.88,37.44,1.56,419.94
vstafford@hotmail.com,"PSC 5723, Box 8159
APO AA 74738",Olive,31.53,13.38,38.73,2.25,436.52
denise22@hernandez-townsend.com,"USNS Cardenas
FPO AA 85439-9449",Silver,32.90,11.66,36.77,3.92,519.34
youngbarbara@yahoo.com,"019 Elliott Tunnel Suite 190
Nicholsbury, WV 60804-4440",Wheat,34.51,12.89,37.64,5.71,700.92
william25@mcconnell.com,"9495 Mary Fall Apt. 777
Glassport, ND 17957-5596",Teal,33.03,11.77,37.74,2.72,423.18
ijones@schaefer-carr.net,"657 Judith Crossroad
Hancockchester, VI 75658-5788",Linen,33.54,12.78,36.43,4.65,619.90
heatherhall@yahoo.com,"8522 Regina Port Suite 782
Port Kaitlin, TX 50501-7264",MediumSlateBlue,32.34,13.01,37.85,3.00,486.84
tinasmith@martinez.info,"40000 Ann Port Suite 474
Youngberg, MS 03651",LemonChiffon,33.11,11.98,35.29,3.92,529.54
chasejennifer@hotmail.com,"9507 Robert Prairie Apt. 601
East Crystalview, SC 56814",DarkOrchid,33.11,11.97,37.28,4.74,554.72
jenniferbarnett@gmail.com,"0772 Michael Isle Suite 617
Meyerstown, WA 45449-6768",SeaGreen,33.24,12.31,36.16,3.06,497.59
jared39@hotmail.com,"739 David Isle Suite 818
Chandlertown, DC 34587",SteelBlue,33.46,10.87,35.62,3.47,447.69
briancarlson@page-fleming.com,"USCGC Gill
FPO AA 26496",DarkMagenta,32.18,13.39,35.69,4.34,588.71
joshuaodom@gmail.com,"5277 Patel Brook
East Audrey, NJ 19075",DarkGoldenRod,32.73,13.10,38.88,2.82,491.07
vickie90@lee-wilson.com,"9135 Rodriguez Dam
Ramirezberg, MS 77223",DarkSeaGreen,32.82,11.63,35.37,4.12,507.44
duane56@hotmail.com,"24373 Mcgee Drive Apt. 990
New Mariahaven, NH 14470",Gainsboro,33.62,11.94,38.77,3.65,521.88
enash@gmail.com,"997 Campbell Flat Suite 970
East Amanda, PW 22048",HotPink,31.72,11.76,36.77,1.85,347.78
sandraharrison@bailey-gordon.net,"7835 Rogers Roads
East Amberhaven, MI 70835-2286",LightSeaGreen,32.87,11.98,37.04,3.45,490.74
cunninghamwilliam@hotmail.com,"4589 Dan Fords
Beasleyburgh, ME 96590-8272",HoneyDew,32.75,9.95,37.39,4.65,478.17
teresaallen@hill-leach.info,"1958 Robert Bridge Apt. 250
Malloryland, ID 03393-5336",WhiteSmoke,32.57,12.49,36.37,4.22,537.85
rhonda96@little.org,"2977 Perez Row
Lake Jack, TN 45336-9436",GhostWhite,32.07,11.73,37.53,4.67,532.75
lisacabrera@yahoo.com,"9801 Thomas Pike Suite 058
Brandishire, AK 88122-1314",DarkSlateBlue,33.02,10.63,37.50,4.65,501.87
jasonrichardson@elliott.com,"18372 Matthew Fork Suite 705
North Matthewmouth, KY 99737",Chocolate,33.79,12.51,37.14,4.21,591.20
hoovernicole@dorsey.net,"69403 Hernandez Knolls
Marciashire, DE 36417-5667",HoneyDew,32.89,11.53,36.89,4.64,547.24
christopher20@gmail.com,"USNV Fuller
FPO AE 32122-5711",Snow,32.04,13.41,36.11,2.26,448.23
brianwilson@yahoo.com,"448 Stewart Divide
New Ashleyfort, FM 84050",BurlyWood,34.56,12.17,39.13,3.66,549.86
gonzaleskatie@gmail.com,"70129 Darrell Spring
Thomasmouth, HI 39319-2739",Moccasin,34.56,13.15,37.34,3.88,593.92
lsmith@chung.com,"412 Jackson River
Kleinburgh, KS 52039-7404",BlueViolet,32.73,12.99,36.46,4.11,563.67
dongarcia@hotmail.com,"546 Benjamin Lights Suite 421
Romerofurt, NC 43746-4501",MediumBlue,33.12,11.86,36.58,3.20,479.73
kimberly46@garcia-nelson.biz,"4066 Gonzalez Dam Apt. 277
West Jessica, TN 36880",GreenYellow,31.66,11.40,36.59,3.20,416.36
william82@gmail.com,"11143 Park Squares
Samanthatown, UT 97073",SandyBrown,33.26,13.86,37.78,5.98,725.58
brenda82@maldonado-gonzalez.net,"645 Elizabeth Pass
Williamview, MS 51544",MediumVioletRed,33.90,10.96,37.27,2.95,442.67
josephgould@west.info,"861 Annette Stream Suite 771
North Miguel, CA 33824-1610",DarkBlue,34.19,10.32,37.45,2.09,384.63
wbrady@yahoo.com,"044 Riggs Expressway
Lake Stevenchester, AL 22283",SandyBrown,33.76,9.98,35.93,3.86,451.46
smithtracey@mcgee.com,"PSC 4508, Box 7961
APO AA 55271-2375",DarkOliveGreen,34.39,12.65,38.47,2.87,522.40
amberchase@fowler.info,"1867 Gregory Isle Suite 022
Port Tammy, LA 52305-9696",GreenYellow,33.93,11.59,35.25,3.39,483.67
gregoryholmes@hotmail.com,"2891 Martin Plain Suite 197
Melaniestad, NE 65650-8529",DarkSalmon,32.69,13.76,39.25,3.00,520.90
jeffreydawson@gmail.com,"9944 Trevor Expressway
Robinsonstad, OR 34630-1840",DarkSeaGreen,34.30,10.57,36.17,3.32,453.17
rjohns@gmail.com,"264 Derek Dam Apt. 680
West Danielle, SD 91517-8611",DeepPink,32.84,11.83,36.81,3.47,496.65
john85@martin-morgan.com,"USNV Reese
FPO AA 73568-0730",Olive,33.75,12.06,37.27,3.97,547.37
vcoleman@yahoo.com,"7761 Hughes Curve Apt. 880
Rodriguezberg, MN 96206-5317",SkyBlue,33.88,12.50,38.05,4.64,616.85
floresarthur@yahoo.com,"12612 Johnson Skyway Suite 764
Jessicaville, CT 14968-6590",Magenta,33.08,9.61,36.49,5.08,507.21
ryan36@gmail.com,"5379 Rhonda Prairie Apt. 696
Brownland, WA 87027",DarkTurquoise,32.23,13.73,38.00,4.80,613.60
chris67@ryan.biz,"716 Bush Greens Apt. 098
Trevorton, MA 17817-8000",Silver,32.79,11.67,37.41,3.41,483.16
katie25@gmail.com,"6861 Lopez Fork Apt. 114
South Jamiechester, DE 63993",SpringGreen,32.77,13.28,36.60,3.46,540.26
kyang@diaz.org,"223 Love Trail Suite 831
Port Jeffrey, IN 46849",OliveDrab,34.37,15.13,37.16,5.38,765.52
tadams@contreras.info,"049 Matthew Terrace
Lake Matthew, MS 20210",Aqua,33.08,12.70,35.36,4.00,553.60
craigcastro@burgess.com,"65407 Warner Forges Suite 071
New Lori, AZ 30132-2395",OrangeRed,32.81,11.84,36.38,3.44,469.31
ellen24@anthony.com,"PSC 3408, Box 3353
APO AE 05113-1257",LimeGreen,32.43,11.31,37.68,2.78,408.62
davisrobert@hicks-smith.com,"95967 Pitts Burgs
West Sarah, MH 27817-5147",SkyBlue,32.18,11.19,40.01,3.55,451.58
walkerlaura@peterson-yates.com,"89154 Jones Stream Suite 311
East Katie, NC 72742-1516",LightGreen,33.15,11.89,36.27,2.60,444.97
marc54@hotmail.com,"Unit 6174 Box 1949
DPO AP 27478",SandyBrown,34.34,12.23,36.16,4.69,595.82
gregoryrussell@yahoo.com,"55436 Devon Plain
West Kendraberg, HI 18826-3623",Teal,32.39,10.67,38.01,3.40,418.15
williamsjohnny@ferguson.info,"51920 Kent Junctions Apt. 352
Walkerport, NY 11257-6647",LightYellow,32.81,12.82,37.03,3.85,534.78
haydenrebecca@gmail.com,"10022 Wilson Orchard Suite 107
Harrisstad, MH 99272",MintCream,33.88,13.59,38.26,3.26,578.24
langmatthew@hotmail.com,"606 Perez Drives
Maryside, CO 94387-5877",DimGray,32.05,12.24,38.73,3.12,478.72
david43@richards.com,"967 Andrew Spurs
Mathistown, CO 28230",Indigo,33.56,11.55,36.63,2.84,444.29
paulkemp@yahoo.com,"PSC 9698, Box 5466
APO AE 75496-3580",LightSalmon,33.14,11.43,35.89,4.47,544.78
fbryant@gmail.com,"284 Jennifer Curve
Lake Hollyberg, IN 05228",GreenYellow,32.60,10.89,38.21,4.44,488.79
kimberlyfrederick@gmail.com,"71299 Jessica Shoals
East Mark, IA 48085-1070",DeepSkyBlue,33.17,11.93,36.91,3.16,475.76
sharon82@saunders.info,"873 Clay Flats Apt. 810
Lake Kyle, GU 48782",DarkGreen,31.51,12.60,39.60,3.75,489.81
fishermichael@ramos.com,"565 Duarte Keys Suite 293
Traceytown, IN 17797",LimeGreen,34.59,10.95,35.88,3.16,462.90
ilawson@hotmail.com,"19018 Christopher Neck Apt. 963
Mcintoshchester, IA 66908-2456",DarkGoldenRod,33.50,13.90,37.06,4.13,596.43
shafferdaniel@murphy-harris.info,"USCGC Thomas
FPO AP 43708-2468",Turquoise,32.40,10.88,37.78,1.91,338.32
stevenanderson@yahoo.com,"5401 Holt Corner Apt. 195
Hannahstad, NC 86693-3595",LightGreen,34.66,10.34,36.16,4.40,533.51
richard16@boyer-pratt.com,"4568 Jeffrey Lane Apt. 512
South Jason, WV 78116-0966",LightSteelBlue,31.81,11.63,36.18,5.11,536.77
hyoung@jones.info,"73469 Baker Forest Apt. 550
Allenbury, TX 63791",Cornsilk,33.88,12.52,37.15,2.67,487.38
erik46@hotmail.com,"20711 Martin Harbors Apt. 582
New Justinborough, AK 40834-2664",LemonChiffon,34.45,10.61,36.82,3.37,473.73
rojasmichael@wagner-thomas.com,"7602 Scott Plaza Apt. 158
Lake Amberland, VI 10516-3276",DarkKhaki,31.96,12.83,36.95,4.57,547.13
lance88@briggs.com,"16001 Wilkins Island Suite 852
Jonathanfort, AL 88541-7817",FireBrick,32.61,12.07,36.11,3.92,505.11
anthony09@hotmail.com,"5118 Madden Views Apt. 738
North Barryport, AS 28731-2270",LightSeaGreen,32.49,12.53,37.88,2.48,449.07
audreyjohnson@rosales.com,"USCGC Nicholson
FPO AE 43987-0470",SlateGray,33.62,13.52,36.77,4.13,611.00
beth76@yahoo.com,"4522 Paul Heights Suite 851
Adamsland, RI 08981",Crimson,33.47,11.66,36.05,4.00,515.83
larrywest@davis.com,"21918 Gail Glens
Barbershire, SD 45790-8387",MidnightBlue,33.71,13.66,37.72,1.36,439.07
raylopez@hotmail.com,"3600 Amber Plains Suite 002
North Jamesburgh, VA 07917",DarkGoldenRod,32.20,11.83,36.63,4.19,514.09
middletonrenee@gmail.com,"71757 David Freeway Apt. 851
West Carriefurt, NC 27106-3364",DarkCyan,32.46,13.29,38.63,3.87,543.34
grichardson@ryan.info,"79139 Boone Common
Stewartstad, DE 63633-1812",SteelBlue,33.79,11.94,38.06,4.08,521.14
esmith@gmail.com,"USS Johnson
FPO AE 35617-5384",OldLace,34.18,13.35,37.83,4.25,614.72
michael53@munoz.com,"USNS Mitchell
FPO AP 92946",MediumBlue,32.29,12.02,39.07,3.91,507.39
jacqueline46@mcdonald-smith.biz,"3794 Michael Forest Apt. 750
New Stephenberg, MD 61004-0181",Gray,33.83,12.08,35.89,3.02,495.30
briannasantana@gmail.com,"88978 Noble Crest
North Rosemouth, FM 53484-6689",LightPink,32.50,13.41,35.99,3.18,518.06
mark52@yahoo.com,"82227 Farmer Throughway Suite 266
Leeborough, WV 35324",BlanchedAlmond,31.89,11.28,37.39,2.88,390.10
acampbell@sanchez-velasquez.info,"5791 Jessica Cove
Mckinneyborough, OK 64460-7536",Wheat,32.43,11.45,37.58,2.59,420.74
qgarcia@williams.com,"465 Kenneth Common Apt. 192
North Tracy, WI 36024-8978",Aqua,33.44,12.60,36.26,2.97,492.11
jenniferking@hess.net,"06939 Jones Neck
Mariaview, VT 87641",BlueViolet,31.39,10.99,38.07,3.43,410.07
taylor91@hotmail.com,"3132 Willie Harbor
Kaylafurt, FL 01107",CadetBlue,33.47,13.09,35.85,2.93,497.51
afry@ford.biz,"399 Jeremy Skyway Suite 377
North Keithville, IL 55074",PaleTurquoise,32.29,12.19,36.15,3.78,494.55
amandadean@gmail.com,"66880 Mckinney Hills
Matthewchester, MH 88386",DimGray,32.06,10.72,37.71,3.00,378.33
brenda68@hotmail.com,"0377 Reed Via Apt. 169
Alexandershire, MO 43498",Moccasin,33.16,12.93,38.17,3.85,570.45
bakerdrew@gmail.com,"39637 Griffin Plain Suite 691
New Deborahview, MP 73870-3773",Chartreuse,33.36,13.45,38.50,3.32,549.01
connorlambert@yahoo.com,"931 Andrews Heights
South Shelley, NV 21850",Khaki,31.85,12.15,37.33,3.36,459.29
tknapp@yahoo.com,"15810 Karl Plain
Davidville, TX 64072",MediumSpringGreen,32.01,12.18,37.72,3.72,492.95
garcialisa@yahoo.com,"46079 Gonzalez Loaf
Williamside, PA 72265",LemonChiffon,32.39,11.01,38.42,3.54,424.76
josephallen@hotmail.com,"3144 Jamie Rest
Maxwellville, NC 93749-1190",PeachPuff,32.65,11.60,37.31,2.79,422.43
hailey18@yahoo.com,"08079 Thompson Village
North Lukeborough, AL 16825",Lime,32.93,12.73,35.60,5.49,642.10
whess@hotmail.com,"29282 Alexander Street
South Andrewmouth, MS 22041",Tomato,33.24,11.22,37.69,2.59,413.37
josesims@hunter.com,"8830 Debra Loaf Apt. 341
Drakeville, ME 22340",SlateBlue,33.93,12.01,36.70,2.75,479.23
dtaylor@webb.com,"18219 Jackson Well
Fosterton, MP 85302",Orange,33.06,11.73,36.00,5.00,593.08
briangonzales@gmail.com,"572 Michelle Motorway Apt. 889
New Craig, ND 17250",Fuchsia,32.40,12.09,38.31,3.87,506.55
jared99@yahoo.com,"PSC 0811, Box 7054
APO AA 91691",GoldenRod,33.89,13.07,37.54,3.80,571.31
qchristian@martinez-allen.com,"26737 Brooks Roads
Vincentstad, VA 93089",GreenYellow,34.57,12.85,35.01,3.29,576.31
ngarcia@donaldson.info,"662 Wells Stravenue Apt. 578
South Kristaview, DC 49423-2452",ForestGreen,33.70,11.56,37.67,4.72,576.80
scastillo@hotmail.com,"0922 Gutierrez Loaf
Wattsbury, OH 96315",Moccasin,33.27,11.11,37.39,4.02,514.24
joshua56@garcia.com,"38154 Davis Locks
Lake Stevenfort, KY 86814-9222",Indigo,31.36,12.81,36.55,3.64,495.18
richard81@day.org,"7955 Samantha Walk Suite 230
North Luis, IL 44629",SlateBlue,33.01,11.76,37.57,3.83,514.34
jessica97@hotmail.com,"32202 Curtis Branch Apt. 411
Port Brettmouth, KY 01192-0594",Cyan,31.58,12.58,37.09,4.53,541.23
angelaphillips@gmail.com,"102 Karen Court
New Jameston, SC 57761-6570",MintCream,32.66,11.96,36.63,4.11,516.83
donald67@harrison.com,"9759 Tammy Skyway Apt. 171
Lake Debra, AS 95011",Lime,34.71,10.65,37.15,3.22,468.45
zmalone@yahoo.com,"PSC 6717, Box 7673
APO AE 66950-0088",Moccasin,34.54,12.75,36.71,3.28,548.28
rlindsey@norris.com,"581 Smith Prairie Suite 995
Andersontown, AS 58802",Green,32.77,11.54,37.53,2.92,431.62
lewisgabrielle@hotmail.com,"422 Rivers Springs Suite 221
North Barbara, WI 51990-7596",LightSkyBlue,33.70,11.92,37.25,3.91,552.94
kristina69@gmail.com,"2859 Rodriguez Forks
Port Josephtown, OH 13591-3011",BlueViolet,32.44,12.42,38.95,4.92,573.31
krista86@norton.net,"0537 Rice Village
West Kylieberg, NJ 19433-5090",Azure,34.31,11.81,37.41,2.47,452.63
chelsea05@hansen.com,"7182 Stephen Fork Suite 150
Port Laurachester, CO 99974-1961",LightGray,32.46,12.76,36.60,4.13,542.71
jill33@allen.com,"459 Amy Burg
Lake Travis, OR 53314",DarkCyan,33.54,11.85,37.42,1.77,407.80
welchashlee@hotmail.com,"PSC 8159, Box 3254
APO AP 71071-4890",GreenYellow,33.36,12.70,36.10,2.72,482.35
dawnlewis@watkins.org,"623 Erica Flat
Lake Josephland, MT 73514",Crimson,32.69,12.22,36.59,3.90,529.23
ashleychristopher@gmail.com,"9271 Christopher Prairie
Douglasshire, NM 18581",MediumOrchid,34.56,11.28,36.49,2.49,433.05
acontreras@hotmail.com,"88995 Edwards Row Suite 456
North Jo, DE 02062-7953",Sienna,33.55,10.74,37.46,3.86,476.19
alvaradoadam@jones-thompson.com,"35970 Holly Key
Port Frank, VT 78059-9385",Aquamarine,31.95,10.96,37.33,3.58,440.00
thomasgeorge@gonzalez-grant.com,"93306 Donald Greens
New Christopherbury, SC 59447",FloralWhite,31.07,11.74,36.60,3.96,448.93
solischristina@gmail.com,"43102 Russo View Suite 717
Hollyport, SC 15344",SlateBlue,31.85,12.42,35.98,3.25,472.99
jacksonboone@rubio.com,"973 Marc Ports
Brownstad, IN 48786-6700",Sienna,32.61,10.54,35.73,3.91,463.92
kaitlyn78@chang.com,"978 Bean Square
Deanburgh, OR 95149",LimeGreen,32.12,11.92,39.29,1.44,350.06
francisgeorge@thomas.org,"27563 Vincent Lake
Allenchester, DC 22159",Teal,33.92,11.91,38.27,2.91,460.06
linda90@yoder.org,"979 Alison Motorway Apt. 676
North Frank, HI 55870-2651",WhiteSmoke,33.48,12.49,36.52,3.35,505.77
david79@lopez-montes.com,"969 William Manor
West Sherry, MA 66282-2258",Purple,32.12,12.38,37.23,3.09,463.48
micheleblanchard@lopez-greene.com,"555 Hunt Track Suite 307
South Kristi, PA 73709",SlateGray,32.26,10.48,37.34,4.51,479.73
pmercado@rodriguez.com,"811 Maria Run
Sanchezville, MI 04953",LightPink,32.69,12.30,36.95,1.83,424.19
james30@carter.biz,"3604 Richard Junctions Suite 448
Brownburgh, CO 64856-8238",LimeGreen,32.38,10.86,36.58,3.99,465.89
parkerkayla@miles.com,"170 Andrew Mews
North Susan, NM 85338-2426",DarkSlateBlue,34.34,10.72,38.31,2.65,426.78
alicia85@lee.com,"14220 Carla Flat Suite 521
Lake Matthew, DE 06183",DimGray,32.89,12.39,37.43,6.40,684.16
dominguezjacob@hotmail.com,"8594 Erica Manors Apt. 529
Lake Miguel, MH 10652-9266",CornflowerBlue,32.51,10.98,37.40,5.39,555.89
ebrown@osborne.com,"4291 Nichols Fork Apt. 562
Thomaschester, SC 08938-8769",DarkSlateGray,31.95,12.97,36.97,6.08,657.02
nathan86@hotmail.com,"748 Michael Plaza
West Billyside, UT 20799",MidnightBlue,36.14,12.05,36.96,3.86,595.80
aaron11@luna.com,"672 Jesus Roads Apt. 443
Thompsonland, WY 69228",LightSkyBlue,32.45,13.46,37.24,2.94,503.98
fsnow@ellis.com,"0272 Jones Way
Lake Angela, MP 97003-5793",MediumBlue,32.29,12.44,37.33,5.08,586.16
asilva@yahoo.com,"USNV Johnson
FPO AP 19026",Wheat,34.60,12.21,33.91,6.92,744.22
casey21@johnson.com,"691 Johnson Field Apt. 510
Michaelville, VI 78140",SpringGreen,33.60,11.59,39.09,3.60,512.83
campbellross@yahoo.com,"6218 Michael Station Apt. 982
Salazarburgh, NJ 79955",DarkRed,34.57,11.38,38.30,3.78,528.22
blevinseric@stephens.com,"PSC 3676, Box 1549
APO AE 26130-7683",Orange,32.84,12.36,38.04,3.31,468.91
stevenking@patterson.com,"94730 Martin Mount
New Matthew, VI 08142-6708",LightGray,33.50,12.40,35.01,0.97,357.59
samuel94@hotmail.com,"5480 Vazquez Crossing Suite 825
East Christopherland, PA 42104",DarkViolet,33.30,12.54,38.31,3.77,536.42
johnsonpaul@keller-woodard.org,"USCGC Dodson
FPO AA 87781-3935",LimeGreen,30.88,13.28,36.94,3.59,490.21
twilliams@gibbs.net,"Unit 6678 Box 6628
DPO AP 44369",CadetBlue,33.15,11.80,37.66,4.52,550.05
teresapacheco@salinas.biz,"75805 Larry Mills
East Cristian, MH 53820",DarkMagenta,32.05,12.72,37.66,3.68,513.45
allison80@carson-hansen.com,"04311 Oconnor Park Apt. 415
Kelleystad, ND 63064-8935",ForestGreen,33.63,12.04,38.92,2.87,497.81
turnerryan@hotmail.com,"770 Lewis Pike Apt. 869
Phelpsport, PA 93969-4887",LightSkyBlue,34.05,12.47,35.04,4.06,578.99
walkererica@scott.com,"86536 Barnes Track
South Kyle, MT 21570-5606",MediumAquaMarine,33.64,13.16,36.41,3.02,506.54
mark94@yahoo.com,"586 Timothy Union Suite 592
East Joseph, MO 81374",Salmon,32.65,11.05,37.63,4.72,501.75
daniellecuevas@hotmail.com,"9287 Daniel Rest Apt. 608
Allentown, SD 73050",LavenderBlush,33.43,10.64,37.58,2.93,421.97
gbarnes@gmail.com,"8667 Suzanne Motorway Suite 241
Spencechester, KY 74385-4618",Green,31.86,13.44,36.88,2.36,439.89
cody68@hotmail.com,"374 Dana Junctions
Langside, WI 36474",SpringGreen,34.48,13.28,35.91,4.97,666.13
fischermonica@gmail.com,"9847 Michael Plaza Suite 837
Lake Christophershire, NV 87324-8427",Navy,32.53,11.75,36.94,0.80,298.76
brenda25@gmail.com,"353 Jones Loaf Apt. 767
South Michaelburgh, PR 16281-4840",OliveDrab,33.43,10.86,38.84,3.67,465.18
david58@yahoo.com,"6058 Thomas Divide
Matthewland, PA 89442-8198",LightSalmon,33.31,11.69,37.48,1.72,373.89
clifford76@johnson.com,"8032 Hodge Circle Apt. 255
Lake Jessicashire, OR 54914",RosyBrown,32.33,11.55,38.58,4.77,532.72
jacquelinehughes@bennett-branch.info,"601 Ashley Loop Suite 162
Port Benjaminview, DE 02456",DeepPink,34.71,11.72,36.81,4.09,554.90
victoria53@hotmail.com,"16329 Sara Neck Apt. 463
Bryanside, TX 62329",Pink,32.64,12.18,35.67,4.13,537.77
cunninghamkyle@ellis-parker.org,"449 Williamson Lakes Apt. 118
Travisville, AK 06848-0177",LightGreen,33.08,12.32,37.82,3.44,501.10
jjones@yahoo.com,"047 Carla Locks
Coreymouth, AR 98066",GreenYellow,32.23,11.08,37.96,4.72,517.17
michaelferguson@torres-miles.net,"757 Amber Gateway Apt. 787
New Stephaniechester, OR 61576-6056",Sienna,34.14,13.18,38.86,3.23,557.53
crawforderik@price.org,"5183 Michael Ramp
East Lukeburgh, FL 93972",DarkKhaki,32.50,12.83,37.68,2.97,493.72
jlawson@mccarthy.com,"0127 Morgan Fields Apt. 080
Thompsonfurt, ME 01160-7043",LightGray,33.12,11.51,37.25,3.18,452.12
marshchristopher@zimmerman-villegas.com,"667 Stephanie Lake Apt. 658
Marthashire, NC 11815-2307",DarkRed,33.09,11.86,36.09,4.81,577.27
oolson@collins.com,"07867 Horn Lake
West Teresatown, VT 64387-1228",Aqua,32.53,12.29,37.06,3.62,485.92
isaiahcampbell@yahoo.com,"55414 Ramirez Union Apt. 614
West Crystal, CA 03845-2631",Red,32.48,10.93,36.55,3.26,425.75
kcannon@alvarez-cline.info,"55479 Peters Field Apt. 702
North Micheleberg, PR 45063",Lavender,32.54,13.33,37.96,3.60,537.22
nielsencarmen@harrell.net,"2491 Yates Crest Suite 316
Connieville, FL 92080-0819",DeepPink,32.28,10.90,36.09,4.79,524.64
efreeman@moore.com,"223 Powell Ridges
East Richardtown, RI 90715-2178",White,32.20,12.28,38.23,3.32,478.89
roblessarah@hotmail.com,"022 Taylor Mews Suite 692
Hallberg, NJ 53614",MediumSeaGreen,34.71,12.04,37.64,4.63,612.39
christopherhaas@gmail.com,"56674 Melanie Flats
Schneiderberg, IN 66532",MediumPurple,32.71,11.72,37.15,3.31,476.77
ethomas@yahoo.com,"1279 Douglas Mountains
Port Christopherberg, RI 32811-8325",LightGreen,33.69,11.20,35.49,4.02,505.12
wevans@gmail.com,"222 Jason Park
Dominguezshire, NC 98241",Tan,31.57,13.38,36.34,4.37,545.95
patrickorr@yahoo.com,"6009 Heather Park
Howardhaven, SD 51705-2993",LawnGreen,33.46,11.39,37.91,2.57,434.02
mary84@edwards.com,"19123 Craig Isle Apt. 719
Millsmouth, SC 94194",LightSkyBlue,31.82,10.77,37.28,3.52,424.68
longwilliam@gmail.com,"16068 Kelly Parks
Wrightside, NH 21447",BurlyWood,32.73,11.82,37.10,1.50,352.55
lisagutierrez@johnson-herring.net,"89300 Amber Centers Apt. 879
Victoriaton, VT 98394",Peru,32.41,13.81,37.43,5.04,662.96
david81@hotmail.com,"1576 Lane Shoal
Rogerton, PR 63867-3426",Thistle,33.51,11.66,37.28,4.48,560.56
jacksonking@mccormick.com,"120 Micheal Fort Apt. 762
East Patrickbury, WY 65946",DarkMagenta,30.84,13.10,35.91,3.36,467.50
jessica04@christian-riley.com,"338 Graham Loaf Suite 236
East Toddton, FM 43566-4238",LemonChiffon,34.88,13.07,36.68,1.92,504.87
simmonsmartin@hardy.com,"2302 Joshua Park
Millerbury, WA 30239-8144",MediumVioletRed,34.01,12.49,36.05,4.33,590.56
michellejohnson@sanders-rodriguez.com,"70562 Gonzalez Stravenue
Elizabethland, WI 40700-9149",Teal,31.53,11.34,37.04,3.81,443.97
tylerhernandez@barton.info,"7613 Miguel Knoll Suite 762
West Katherine, WV 19406",SlateGray,31.05,11.20,38.69,3.09,392.50
connerjoseph@gmail.com,"981 David Square
New Jacquelinetown, AK 66018-4092",Turquoise,34.60,11.33,35.46,4.54,568.72
jeffrey54@mcdonald-williams.com,"297 Francis Valley
South Lindsey, NY 13669-5367",Gainsboro,34.97,13.92,37.95,5.07,712.40
hevans@kelly-nunez.org,"Unit 4065 Box 2267
DPO AE 69180-7372",Orchid,32.30,11.03,38.25,3.11,413.30
lewiskendra@yahoo.com,"988 Matthew Plaza
Lake Jacobshire, AL 37889",Yellow,33.32,11.08,36.78,4.75,562.08
freemantina@cannon.org,"870 Dennis Throughway
Wilsonport, PW 12658",AntiqueWhite,32.90,10.54,35.53,3.09,412.01
wagnerbrian@hotmail.com,"50593 Wells Roads Apt. 110
South Amy, MI 06969-2026",AliceBlue,32.56,11.80,37.78,3.20,468.67
melissa08@nelson.com,"15863 Harrington Glens Suite 012
Marystad, LA 50652-8210",Tomato,31.77,12.44,38.13,3.85,496.55
karina59@gmail.com,"9580 Clark Trail Suite 687
Williamsside, FM 57367",PapayaWhip,34.08,12.10,36.06,3.97,548.52
baldwinbryan@estrada-silva.biz,"1470 Kathleen Pass
South Christopherberg, SD 22850",MediumSeaGreen,33.30,12.38,38.76,3.84,536.13
audreyguerrero@carey.com,"1995 Susan Locks Suite 760
East Cheryl, AR 37103-5176",BlueViolet,34.33,13.72,35.77,2.91,558.43
drew29@hotmail.com,"20888 Erin Via
Grahamville, NH 72913-6101",Tomato,32.08,12.73,36.54,1.14,357.86
michael00@yahoo.com,"03065 Henry Courts Suite 443
Derekstad, VT 88473",DarkSlateGray,33.61,13.69,34.89,2.69,529.06
jgray@khan-allen.com,"1416 Rachel Crescent
West Laurieside, IL 81119-7229",Gold,32.75,10.01,38.35,3.11,387.36
bushsusan@hotmail.com,"20618 David Square
Gayland, HI 78719-9628",Moccasin,32.12,11.44,36.22,4.85,528.93
charris@gmail.com,"2781 Matthew Wells Apt. 569
Potterview, KS 50763-8282",MediumSeaGreen,32.53,12.35,37.12,2.31,420.92
longphillip@yahoo.com,"13044 Woods Heights
Andreamouth, ND 52317-6007",LightGreen,31.74,10.75,35.74,4.84,496.93
madisonalexander@gmail.com,"791 Allen Trafficway Suite 776
Christopherland, DC 41460",Orange,34.12,11.59,37.74,3.68,519.37
mfoster@brown-white.com,"36192 Ho Spring
New Michael, RI 65851-6369",Cyan,33.64,11.24,37.68,5.25,591.44
sanchezkara@hotmail.com,"40494 Robert Park
Heatherside, IL 70364",SlateBlue,34.33,11.11,38.59,3.89,502.41
floresbradley@hotmail.com,"446 Daniel Rest Suite 644
Port Matthewhaven, MN 89465",BlanchedAlmond,34.81,12.11,36.29,4.39,604.33
lamryan@curtis-garcia.net,"96393 Joshua Rapids
Jonesview, VA 58733",LavenderBlush,34.64,11.87,37.72,4.00,555.07
alexandra26@summers-davis.com,"Unit 7032 Box 7016
DPO AE 44749-2992",Navy,32.84,10.26,36.14,0.79,256.67
ocortez@gmail.com,"4800 Ashley Spur Apt. 347
Dannyfort, GA 23352",MediumBlue,32.30,12.17,37.07,4.40,547.11
melinda39@morton.info,"13693 Cox Falls Apt. 693
Padillaview, PW 28998-0386",Moccasin,31.95,13.09,37.61,2.65,461.92
lisa94@jackson.com,"40288 Stephens Corner Apt. 221
West Stephanie, OK 55617-4332",CadetBlue,32.73,13.01,36.65,2.37,458.38
lucastaylor@yahoo.com,"63872 Chavez Lodge
Danielton, NJ 85847",MediumTurquoise,33.95,10.98,37.95,3.05,436.28
apark@walsh-obrien.net,"28942 Bradford Crescent
New Morganfurt, MD 77162-0478",DarkGreen,32.35,13.11,35.57,3.64,532.94
dominguezmaria@gmail.com,"1768 Rosales Ford Apt. 793
Lake Markbury, SC 31567",RoyalBlue,34.17,12.14,37.26,3.40,512.55
jimmy11@hardin.com,"496 Bush Turnpike Apt. 674
Donnabury, OR 32596-0079",DarkGoldenRod,32.98,13.91,37.79,4.30,630.42
patriciajackson@jenkins.info,"981 Matthew Valley Apt. 621
Lake Tracyburgh, NM 33288-1364",Thistle,32.00,11.40,37.33,3.80,463.75
rayvanessa@fischer.com,"2583 Mark Springs
Lake Robert, AL 40928",White,34.20,13.03,37.08,2.63,493.18
gharrison@davis.com,"04140 Cameron Brooks Apt. 724
South Laurenberg, HI 08562",MediumSpringGreen,33.18,11.62,35.97,3.63,501.21
alexandermichael@hotmail.com,"2086 Lisa View
Ortegabury, MI 43544",WhiteSmoke,32.69,12.60,37.37,3.47,501.93
christopher66@hotmail.com,"388 Kelly Pike
West Jeffery, DE 44039-7785",BurlyWood,31.63,13.19,37.07,1.49,376.34
archeremily@baldwin.com,"USCGC Hernandez
FPO AE 53064",YellowGreen,31.26,13.27,36.97,2.27,421.33
hornesteven@gmail.com,"91425 Roy Trail
Rivaston, NE 34949-2588",White,31.72,11.75,38.57,5.02,538.77
william28@gmail.com,"16763 Melissa Creek Suite 367
North Keithland, PW 29458",Cyan,32.92,11.57,36.91,2.47,398.16
karenosborne@yahoo.com,"81814 Pratt Squares Suite 460
North Robert, GU 77741-1307",SlateBlue,32.69,12.64,36.10,4.30,571.47
chansen@holt.com,"2380 Fisher Neck Suite 233
Brianland, AZ 34453-0625",LightSkyBlue,34.05,11.39,39.08,2.44,451.63
hallthomas@lane.com,"22630 Bell Centers Suite 030
North Danielport, FM 31756",DarkTurquoise,32.45,11.82,36.95,3.66,490.60
taylorkimberly@yahoo.com,"0030 Mathis Square Suite 154
South Jadehaven, AR 33997-4450",Gainsboro,31.28,12.73,35.97,5.00,591.78
clester@yahoo.com,"76778 Underwood Knoll
New Gregory, ID 57323",LightCyan,32.98,11.20,37.69,2.41,409.07
pvega@hotmail.com,"61629 Johnson Underpass
New Eric, MI 92352-5044",LightCoral,31.91,11.35,36.32,5.31,563.45
vmartin@yahoo.com,"30242 Rubio Forest
Port Kyleland, VA 18339-5779",Turquoise,34.40,14.22,37.52,4.08,647.62
andreperez@hotmail.com,"17463 George Ports
East Julianborough, WY 68291",DarkOliveGreen,32.96,11.55,36.95,3.28,448.34
anntaylor@hotmail.com,"PSC 1634, Box 8167
APO AA 49814",Teal,33.78,11.92,36.84,3.63,518.79
hickmanelizabeth@yahoo.com,"12641 Greer Track Apt. 183
North Mitchell, IA 77991-6276",DeepPink,32.67,12.28,37.19,3.98,523.63
halljohn@yahoo.com,"311 Savannah Ramp Suite 245
Carlsonbury, LA 08453-6035",MediumTurquoise,32.73,10.13,34.85,3.29,393.86
cohensean@yahoo.com,"3751 Green Loaf
New Julia, VT 20897",DarkCyan,33.41,12.03,36.13,2.31,426.15
jmartinez@anderson.org,"14889 Page Prairie
Dennisville, NV 27982-4210",PeachPuff,31.72,13.17,36.20,3.56,503.39
cbrady@gonzalez-miller.com,"193 Ashley Plaza Suite 706
Hernandezport, WV 71270-7338",Aqua,32.71,12.33,36.67,3.35,482.60
pkline@hotmail.com,"PSC 6338, Box 7637
APO AA 22066",MediumTurquoise,33.14,13.89,39.22,2.91,524.80
martha91@garrison.net,"360 Albert Spring
South Tylerbury, VA 92641-9077",HotPink,34.38,12.93,36.36,3.79,574.65
maureenlopez@gmail.com,"82537 Alice Centers
Gregland, OR 71749",SeaShell,35.53,11.38,36.64,4.03,574.75
russellbaldwin@ferrell.info,"295 Michael Keys Apt. 706
Ericfurt, KS 09476",Orange,33.25,14.07,38.99,4.98,660.43
amandastanley@yahoo.com,"38528 Jerry Valleys Suite 027
Jonesstad, NY 74787-2691",CadetBlue,32.10,10.80,37.37,2.70,375.40
george02@hotmail.com,"3286 Lynch Field
Henrychester, RI 41833-7902",LightCoral,35.04,14.43,37.37,3.93,640.19
swilliams@ball-arroyo.com,"450 Samantha Valleys
Collinsborough, KS 37205-9891",Orchid,32.55,13.04,36.66,3.46,514.01
taylorjared@foster.net,"601 Mitchell Estates Suite 922
Port Daniel, WV 83595",Crimson,32.58,11.74,36.85,2.18,376.50
keith13@yahoo.com,"81830 Katie Squares
Port Austinland, FL 73522-0761",LightGoldenRodYellow,33.30,12.49,38.24,2.71,484.52
schmidtdenise@hotmail.com,"06392 Matthew Viaduct Suite 000
Lake Ronald, NY 45787-0181",DarkGoldenRod,33.11,12.89,36.53,4.59,614.73
jasmin20@salas.com,"634 Nancy Shoals Suite 241
South Barry, AR 52307",HotPink,33.90,11.67,37.34,4.26,567.48
christophermorrison@mcguire-carter.biz,"90089 Eric Well
Nicoleside, MT 95918",Blue,34.56,11.78,37.98,3.78,554.00
deborah51@yahoo.com,"4190 Shelton Harbors
North Christopher, RI 60962",Violet,33.73,12.14,36.85,1.62,399.98
melindahartman@gmail.com,"3761 Jared Mountain
Nicholasport, WY 51181",Pink,31.60,12.22,36.82,3.41,479.17
sharper@yahoo.com,"239 Bush Fall Apt. 906
Riveraville, KY 88906-3319",SandyBrown,34.32,13.40,37.29,3.61,585.93
jessicabrewer@simmons.net,"5052 Mccoy Passage Apt. 328
Teresaport, FM 97139",LightBlue,34.01,12.96,38.66,3.28,541.00
beckycarson@jones-brown.biz,"78787 Mitchell Lights
Matthewville, AZ 30310-0130",Gold,33.54,12.88,36.23,5.01,628.05
jennifer24@hotmail.com,"46954 Melissa Corner
North Amanda, LA 34844",SteelBlue,34.44,13.33,36.77,3.37,582.49
jeremy00@yahoo.com,"45442 Barber Key Apt. 882
South Jaclyn, NM 24367-3001",FloralWhite,33.55,12.16,36.58,5.45,640.79
wellsjuan@schroeder.com,"0338 Francis Junction
Lake Alexstad, NH 14302",Green,31.82,11.23,35.67,3.76,446.42
gregorystewart@hotmail.com,"232 John Haven Suite 456
Johnsonhaven, VT 90106-0173",PaleGoldenRod,32.36,12.46,37.75,4.66,570.63
tammyjones@griffin.com,"0859 Audrey Isle
South Zachary, AS 09138",Navy,33.19,9.85,36.88,3.81,423.31
djohnson@hotmail.com,"5358 Stephen Parkway Suite 894
Kimview, MN 17436-4528",Coral,32.19,13.33,36.90,5.05,616.66
kenneth27@smith.com,"721 Robert Viaduct Apt. 052
Lake Olivia, MO 93807",DarkGreen,32.61,13.68,37.74,2.87,530.36
johnathan33@yahoo.com,"836 Amy Villages
Hannahside, RI 09207-2616",LightSteelBlue,32.26,11.64,37.03,3.24,442.36
carrillojacob@perry-larsen.com,"909 Hicks Mountains
Gabriellaport, MD 33121",Aquamarine,32.27,13.49,37.55,3.09,511.98
greenelizabeth@edwards.com,"54051 Jenkins View
East Danielshire, IN 32905-7784",DarkViolet,33.80,11.62,38.42,4.56,560.44
denisemorrow@johnson-james.net,"24458 Hudson Square
Hallside, PA 68038",MediumSpringGreen,31.65,13.01,37.79,3.01,475.26
wandaphillips@leonard.com,"149 Monica Vista Apt. 908
Jasonberg, TX 19632-8886",OliveDrab,33.08,11.47,35.68,1.81,374.27
zachary94@gmail.com,"99902 Scott Road
Joyton, MT 46760-7400",Purple,31.31,11.68,38.72,3.59,463.59
ppowell@gmail.com,"74260 Carly Mews Suite 703
Jonesberg, OR 39594",BlueViolet,32.87,12.09,36.62,3.05,471.60
bhill@pierce-kane.info,"3324 Branch Squares Suite 221
Riddleton, OK 34594",RoyalBlue,33.71,14.33,35.72,3.63,626.02
matthewgraves@mills-shaffer.com,"66636 Jason Parkway
Kellyside, NV 67033",DarkSeaGreen,33.91,12.91,39.07,1.48,432.47
nwagner@yahoo.com,"Unit 2079 Box 7792
DPO AP 47668",AntiqueWhite,32.31,9.82,35.74,2.92,356.62
jamesfaulkner@hoffman-wolfe.org,"Unit 0474 Box 0661
DPO AP 48938-3469",Blue,34.39,12.81,38.55,1.81,467.43
phillipscarrie@gmail.com,"625 Andrew Locks
Madisonside, AZ 74068",FloralWhite,32.42,13.06,37.26,3.37,503.22
samantha84@cortez.com,"960 Miller Union
East Virginiastad, MS 74191-2346",Navy,33.54,10.53,37.03,2.21,378.47
edward29@knapp.com,"4029 Gerald Cape
South Laurenborough, SC 19130-5133",DarkOrange,33.37,11.14,35.95,5.45,584.22
hannahgilbert@gmail.com,"6961 Mary Stravenue Suite 857
Hilltown, TX 52813-7703",Aqua,33.79,10.98,34.81,3.20,451.73
lschroeder@gmail.com,"93101 Shannon Common
South Destiny, ND 30379-2855",Ivory,33.77,11.15,37.24,4.73,557.63
thomaswendy@yahoo.com,"449 Amanda Tunnel
Joshuahaven, CO 15377",LavenderBlush,31.31,11.95,36.19,3.21,432.72
fuenteskathryn@schmidt-johnson.org,"839 Heather Cliff
South Blake, SC 90412",Cyan,33.61,11.47,37.06,3.80,506.42
melissa08@rowe.net,"13799 Cortez Inlet Suite 733
East Stevenshire, AL 32757",Tan,33.40,11.04,38.62,4.12,510.16
bradleysmith@barber.com,"581 Gilmore Port
Heatherville, MS 20879",PaleVioletRed,33.62,11.17,35.63,5.46,587.57
morganorozco@hotmail.com,"0001 Mack Mill
North Jennifer, NE 42021-5936",LightPink,30.49,11.56,35.98,1.48,282.47
johnsonhannah@gmail.com,"634 Robert Hill Apt. 800
Coxtown, OK 32430",Thistle,31.90,12.23,36.99,3.77,473.95
javier02@landry.net,"Unit 7029 Box 3429
DPO AE 56975",CadetBlue,33.03,13.19,38.07,2.90,489.91
lmalone@gmail.com,"USS Beasley
FPO AP 50556-7615",AntiqueWhite,32.98,13.39,37.81,3.57,541.97
brandon77@richardson.com,"109 Jessica Manor
North Patriciashire, PR 84726",GhostWhite,30.82,11.85,36.93,1.08,266.09
bhamilton@shaw.biz,"036 Mary Drive Apt. 581
Port Brandytown, FL 66143",DarkOrchid,33.91,12.27,36.58,3.02,494.69
randyrobinson@hotmail.com,"14548 Hayes Isle Apt. 436
Garciaville, IN 65366",DarkGray,33.30,13.46,36.34,5.57,689.79
ecruz@yahoo.com,"08111 Barry Highway
Bentonberg, GU 13706",Gainsboro,31.91,11.79,36.26,2.40,387.53
wrightdanielle@gmail.com,"508 May Highway
Port Jacobview, MN 31932",DarkSalmon,32.41,10.99,37.37,3.50,441.90
deandanny@yahoo.com,"9781 Lopez Spurs Apt. 300
Fitzgeraldborough, MA 89035-4317",Ivory,32.64,12.64,36.52,5.23,604.84
dblair@gmail.com,"190 Kelley Burg
West Juliaport, IA 35826-8163",MediumSlateBlue,34.10,8.51,35.46,1.84,302.19
veronicapruitt@hotmail.com,"Unit 7502 Box 8345
DPO AE 53747",Cyan,33.25,11.66,36.55,3.36,479.61
davischristina@hotmail.com,"49352 Avila Terrace Suite 624
Amandaland, GA 99736",SeaGreen,34.73,11.97,36.55,2.96,506.13
douglasdunlap@boone-rose.com,"093 Larson Ports
West Kathryn, OK 91243",Purple,30.39,11.80,36.32,2.08,319.93
david28@wallace-hill.org,"43382 Heather Meadows
New Lisaburgh, WI 19151-0302",LightBlue,33.38,12.68,35.62,3.68,528.31
williammoore@rose.com,"686 Baker Fords Suite 893
East John, IL 50171-9547",Brown,32.88,13.03,37.87,4.69,610.13
angela25@walker.com,"456 Eric Views
North Amanda, MS 98876-3102",Chocolate,34.50,12.45,37.53,4.01,584.11
arice@reynolds.info,"740 Marshall Squares
Davidbury, AL 94251-0846",Thistle,33.57,12.24,37.28,2.53,466.42
adam75@gmail.com,"9991 Macdonald Squares
Vasquezborough, WY 73586-4597",Purple,32.85,10.97,36.61,2.87,404.82
charlesgutierrez@hotmail.com,"363 Kathleen Underpass
Ashleyside, PR 98964",MistyRose,33.53,13.67,36.90,3.52,564.79
codyandrews@hotmail.com,"63010 Reyes Creek Apt. 569
West Catherinetown, MN 67491-6816",Indigo,33.42,13.39,37.19,4.07,596.52
wheelernancy@hernandez.com,"66340 Michael Lane Suite 878
West Brian, LA 69137-1147",Gold,32.50,12.97,38.30,1.20,368.65
drew27@ryan-thompson.com,"4475 Lopez Stravenue Apt. 690
Smithchester, NV 84347",PeachPuff,33.67,12.97,37.33,3.23,542.41
suzanne63@gmail.com,"229 Eric Mountains
New Caleb, PA 00396",LightSalmon,33.26,10.73,36.15,4.09,478.26
mitchellscott@gmail.com,"3976 Tom Streets Suite 438
Port Davidtown, AL 55334-2369",DarkOrange,32.76,10.95,37.65,4.02,473.36
laurajimenez@gmail.com,"06103 Erik Fields Suite 781
Jonesmouth, GA 49931-3078",SlateBlue,33.48,12.61,37.23,4.21,559.20
rogersheather@hamilton-jensen.org,"510 Michele Port
East Angela, HI 23618",MintCream,33.79,13.04,36.31,2.02,447.19
ievans@hotmail.com,"2064 Poole Groves
North Chrisland, SC 78169",NavajoWhite,33.22,11.00,38.44,4.24,505.23
john85@rodriguez.info,"57120 Frank Keys
Jerryborough, DC 81028-0939",Tomato,31.13,13.28,37.39,4.63,557.25
phillipsmark@byrd.net,"6734 Perez Trafficway Suite 395
Nunezland, NC 83245",DarkSeaGreen,33.37,10.63,38.04,3.00,422.37
elizabeth61@berg-braun.com,"649 King Extension
North April, NY 54175",Lavender,32.84,13.19,35.92,1.82,445.06
dbenson@simpson.net,"732 Heather Place
North Michael, VT 92527",DodgerBlue,30.57,11.35,37.09,4.08,442.06
stephaniehill@hotmail.com,"8248 Parker Overpass Apt. 024
Lake Pamela, WY 44322-1735",Wheat,32.27,12.95,37.11,3.69,533.04
davisbriana@gmail.com,"15298 Erickson Shore Apt. 056
South Patrickfort, MD 16503-3145",MediumVioletRed,33.14,11.74,37.94,2.19,424.20
kday@gmail.com,"4835 Jessica Walk Suite 205
West Jacob, NH 93681",Magenta,33.49,11.89,35.86,3.21,498.64
jonathanconner@morales.biz,"920 Anderson Extensions
Greenfurt, GA 19316-3498",SeaShell,31.98,10.76,36.60,1.98,330.59
anneingram@miller-alexander.com,"4301 Park Lake Apt. 158
Spencertown, SD 45934",HoneyDew,32.13,11.61,39.25,3.35,443.44
jeffery48@mcguire.com,"52326 Townsend Centers
Lake Williamburgh, NJ 70568-7463",LightCyan,32.30,11.98,38.27,3.53,478.60
theresamitchell@martin-chambers.biz,"157 Linda Roads
New Jimmyshire, MH 51942",Khaki,31.83,12.46,37.43,2.97,440.00
christianwade@butler.info,"3687 Sarah Ranch Suite 919
Gainesfort, AK 05665",Crimson,32.02,10.08,38.07,2.62,357.78
tina16@santiago.com,"314 Kidd Run
Johnfort, KS 46546-2732",White,33.00,12.59,37.33,2.80,476.14
vancealicia@hotmail.com,"06307 Scott Spurs Suite 161
Jessicaburgh, NH 26093-5908",RoyalBlue,31.82,14.29,36.77,2.96,501.12
dbell@hotmail.com,"3485 Anthony Street Apt. 119
Mikeberg, FL 32602",DarkViolet,34.46,11.92,37.77,4.35,592.69
pamelahampton@martin-cobb.com,"91542 Jessica Springs Suite 255
Thomashaven, MT 39239-3790",DarkSeaGreen,32.34,11.41,35.78,3.87,486.08
mark81@wagner.com,"410 Gonzalez Corners Apt. 187
East Stephenport, VT 22771",Navy,32.30,12.82,37.96,4.62,576.03
awerner@manning.com,"407 Blake Ways
Port Davidland, WA 78438",Gray,33.07,11.67,37.84,2.73,442.72
robertramirez@kaiser.com,"1583 Anderson Coves
East Rebecca, NH 27212",Purple,33.89,10.61,37.98,3.54,461.79
justin26@gmail.com,"32303 Baldwin Causeway
South Robertside, HI 58126",RosyBrown,32.77,12.51,35.82,3.13,488.39
douglas95@yahoo.com,"395 Summers Courts Apt. 413
Coopermouth, IA 21205-1079",White,33.77,11.30,37.83,5.14,593.16
qmorse@yahoo.com,"0360 Pearson Dam Suite 263
Lake Shawn, UT 65986-4190",MediumTurquoise,31.81,10.89,34.90,3.13,392.81
jason50@bates.net,"74839 Michael Plains Suite 356
South Austinshire, ND 40309-1424",Bisque,32.01,12.10,36.38,3.18,443.20
qeaton@savage.com,"27032 Michelle Forest
Morrowtown, ND 14749",SaddleBrown,33.30,12.69,37.33,3.83,535.48
tluna@hotmail.com,"01512 Hendricks Rue
East Pamela, PR 46481",YellowGreen,32.19,11.39,38.20,4.81,533.40
kara33@gmail.com,"5527 Hogan Road
South Jeffreychester, MA 28632",LavenderBlush,34.94,10.73,36.88,4.05,532.13
thomas22@yahoo.com,"7346 Jennifer Green Suite 148
Wagnertown, MT 65972",IndianRed,33.55,11.94,35.90,4.54,558.95
david47@hotmail.com,"37216 Krista Drives
West Andrew, DE 70036",DarkKhaki,32.39,12.72,35.13,3.48,508.77
beasleyjoseph@hotmail.com,"1094 Bentley Forges
Lake Antonio, MA 29181-3664",SaddleBrown,33.34,10.97,35.97,2.63,403.77
hoffmandaniel@yahoo.com,"922 Hampton Path Suite 198
Port Jasonmouth, FL 46623",Orchid,33.67,13.42,37.76,4.79,640.58
garnerjustin@king.com,"0833 Brian Canyon Suite 566
Anthonymouth, VT 01329-7541",DarkCyan,34.00,11.85,37.49,2.76,461.63
francesjohnson@lee.com,"577 Peters Turnpike
Loriport, MA 60572-1669",Aquamarine,32.66,11.92,35.72,2.16,382.42
awu@robinson.org,"0281 Dale Wells Suite 656
East Joshua, ME 73389",Brown,32.05,13.15,37.65,4.20,561.87
xevans@hotmail.com,"13164 Miller Camp
South Deannaberg, ID 85433",DarkMagenta,33.23,12.69,36.05,2.14,444.58
lauriewilson@jackson.com,"389 Joshua Stravenue Apt. 983
Martinezland, MN 29049",Cornsilk,32.08,10.35,39.05,3.43,401.03
cruiz@yahoo.com,"497 Julian Brook Suite 872
Hillberg, FM 87927-5760",LightSalmon,33.98,9.32,36.91,2.87,384.33
tammy12@gmail.com,"78297 Brown Street Apt. 786
East Taylorfurt, AK 97246",Chocolate,34.18,12.58,35.44,3.14,527.78
adamperkins@terrell.com,"2595 James Creek Apt. 571
Millerberg, HI 82236",PaleVioletRed,32.60,11.76,37.92,3.53,482.14
willie26@johnson-howard.com,"97686 Robertson Cape Suite 607
Port Veronicaside, NE 47293",Wheat,32.03,12.64,38.00,5.04,594.27
yvaughn@meyer.com,"9863 Dawn Court Suite 429
Lake Connie, MI 12238",OldLace,33.10,11.83,36.84,3.61,502.09
carolfarley@gmail.com,"51173 Curtis Cliff Apt. 727
Ramoston, DE 32714-4579",SlateBlue,32.99,10.44,35.94,2.90,407.66
rhonda01@gmail.com,"939 Watson Run
Staceyberg, VT 58376-0454",Orchid,34.39,12.73,36.23,5.71,708.94
david80@knight.com,"368 Morris Ports Apt. 735
New Lisaville, GA 34271-8632",MediumAquaMarine,34.36,9.48,37.91,5.05,531.96
aaron04@yahoo.com,"16338 Scott Corner Suite 727
West Alexandra, AR 54429",SeaGreen,33.71,10.16,37.76,4.78,521.24
kaylahenderson@hotmail.com,"Unit 1609 Box 3480
DPO AA 95185",MediumSpringGreen,32.40,11.61,38.11,2.97,447.37
mholt@hotmail.com,"486 Adams Hills
North Walter, MS 18124",LightSeaGreen,31.83,11.27,36.96,2.67,385.15
tanya20@gmail.com,"69279 Stewart Mountains
South Pamela, KS 22541-3414",DarkKhaki,31.37,11.16,37.09,3.62,430.59
aaron89@gmail.com,"0128 Sampson Loop Suite 943
Hoffmanton, MO 02122",SaddleBrown,31.45,10.10,38.04,4.24,418.60
hunterlucas@gmail.com,"89301 Kylie Crossroad
Petersonberg, MH 23834",Turquoise,33.58,12.76,36.91,2.48,478.95
sfarley@jones.com,"0554 Powers Curve
Nathanchester, FL 06878-6336",AntiqueWhite,32.40,12.06,37.69,3.51,483.80
sarahtran@dixon.com,"770 Katie Walk Apt. 585
Port David, MN 52850",GoldenRod,35.04,11.94,35.78,3.31,538.94
randywhite@armstrong.biz,"0506 Pitts Forks
Woodsbury, AL 98082-8186",Teal,32.78,12.45,36.67,3.54,486.16
tsmith@yahoo.com,"92028 Thomas Mountains Suite 044
New Matthew, MI 02429-0994",Bisque,33.97,12.28,38.30,1.13,385.10
martinezleah@carter.com,"8456 Joseph Locks Suite 926
Christopherport, TN 57784",PaleGreen,33.39,12.78,35.55,3.23,527.78
steven00@combs.com,"64460 Morris Fords
Gonzalesmouth, MI 40832",RosyBrown,33.56,12.96,37.95,3.35,547.19
blakekent@smith-pena.com,"3933 Brooke Point
Johnsonburgh, DE 22659-3488",Crimson,33.59,9.95,37.35,3.22,410.60
amanda03@yahoo.com,"313 Lisa Loop Apt. 543
North Jenniferchester, MN 58819",Brown,34.19,13.13,35.43,3.79,583.98
brandonsmith@yahoo.com,"62106 Nathan Mountain Suite 505
North Matthewborough, AZ 32092-6122",Gold,33.59,11.52,36.19,3.56,474.53
thardy@perry.com,"39209 Cooper Neck Apt. 541
Tylermouth, ME 94450",SeaGreen,33.24,10.97,34.57,2.93,414.94
michael86@yahoo.com,"87270 Garrett Cliffs Suite 361
Brooksberg, MO 26555-2502",LightYellow,33.21,13.53,38.95,3.05,550.81
ulee@wells.com,"309 Singleton Hollow
Matthewhaven, NJ 68776-7477",LemonChiffon,33.64,12.04,34.49,2.74,458.78
judithsmith@jimenez.biz,"186 Anthony Route
Gordonview, AS 78120-4633",DarkOrange,33.59,10.94,36.17,2.78,407.54
nblack@smith-romero.biz,"00615 Tracy Islands
New Marcfort, MO 87297-7431",LightCyan,34.20,12.66,37.03,4.33,581.31
michaelcampbell@yahoo.com,"96480 White Lane Suite 521
Pattersonhaven, OR 39409-4561",Gray,35.86,11.73,36.88,3.42,546.56
rcarter@crane-thompson.org,"14064 Frazier Hills Apt. 176
Amyborough, MP 77858-0018",MediumVioletRed,33.48,11.92,37.32,3.34,503.18
dwhite@gmail.com,"02136 White Grove Suite 418
Marytown, DE 70033",OrangeRed,33.26,11.51,37.13,4.66,549.13
vancemichelle@gmail.com,"6586 Reginald Crest Apt. 061
North Josephfort, NM 55275",DeepPink,32.32,12.42,36.16,3.22,482.83
kylemelendez@hotmail.com,"2749 Cunningham Flat Apt. 838
Derekberg, OH 45288",DeepPink,32.43,13.89,38.38,3.77,557.61
richard35@hale-duncan.net,"33940 Craig Throughway Apt. 334
Martinview, IL 62015-0314",GhostWhite,31.45,12.85,37.87,3.42,484.88
waltonkaren@gmail.com,"355 Villegas Isle Apt. 070
West Jenniferview, NM 26775-4339",Green,35.74,10.89,35.57,6.12,669.99
contrerastiffany@gmail.com,"439 Todd Summit Apt. 478
Mooreland, AR 31655",CadetBlue,34.01,12.91,36.05,3.49,547.71
rogerstiffany@wilson-horne.com,"30700 Justin Ports
Port David, PA 52171-5921",DarkOliveGreen,34.14,11.57,38.92,4.08,537.83
waltercharles@sanders.net,"291 Stephen Glens Apt. 532
Jacquelineton, NJ 53606-5656",IndianRed,32.38,11.97,37.20,2.83,408.22
john96@chan-anderson.biz,"04290 Barron Square
Laurenmouth, AS 79917-9544",Snow,33.17,13.08,37.33,5.41,663.07
bushsharon@barber.com,"0013 Andre Field
Whitebury, AZ 68447-6306",DarkSeaGreen,33.25,11.96,36.52,3.45,506.38
nicolegay@jennings.com,"50718 Timothy Light
Garciaport, SC 60266-6696",BlueViolet,33.60,13.25,37.31,2.94,528.42
rchambers@hotmail.com,"53964 Weaver Brook Suite 861
Stevensonshire, NY 18128",OliveDrab,33.09,13.09,38.32,4.75,632.12
gomezalicia@hotmail.com,"506 Allison Cove Apt. 766
Weeksstad, AS 71308",MediumSpringGreen,32.28,12.53,36.69,3.53,488.27
potterkenneth@strickland.com,"2559 Harris Pines Apt. 514
Michaelshire, ME 21753-8834",MediumSlateBlue,33.44,11.24,37.05,3.90,508.74
charlesjackson@brady-fuller.net,"3802 Veronica Causeway
East Patrickfurt, DC 84522",GhostWhite,32.87,12.07,35.57,2.40,411.19
jacquelinewest@pace-herrera.com,"592 Villanueva Village
Woodsstad, AK 20530",Purple,31.53,12.05,38.51,2.85,409.09
stevenjohnson@yahoo.com,"PSC 4427, Box 6116
APO AP 87584-5187",SandyBrown,33.00,11.23,37.00,3.78,467.80
johnsonchelsea@gmail.com,"19270 Velasquez Coves
Boylechester, AZ 51480",LightCyan,32.09,11.91,35.19,4.35,512.17
jenniferjenkins@jones.com,"USNS Jacobs
FPO AE 71507-1312",LightSalmon,33.27,13.05,38.78,4.57,608.27
ebutler@rogers-gonzalez.com,"001 Estrada Union
Lewismouth, TN 47360",Chartreuse,32.99,13.00,36.99,4.62,589.03
ellenlucas@cox.org,"86268 Davis Corner
North Danielview, CT 59551-9382",DarkGoldenRod,33.86,11.52,35.94,3.01,444.05
elizabethnunez@vasquez-nelson.net,"209 Andrew Viaduct
Port Anna, OR 01627-8037",Cornsilk,32.59,10.31,36.73,4.79,493.18
ramirezjacob@turner.com,"19704 Kaitlin Flat
West Andrewtown, VI 38642",Magenta,32.38,12.43,37.63,4.33,532.72
brian51@cook.info,"0508 Terrance Cliff
Rebekahtown, NC 48724-8308",SaddleBrown,31.52,10.75,38.79,1.43,275.92
victoriajohnson@gmail.com,"2082 Christopher Place Apt. 081
Cynthiahaven, HI 99393-8910",DarkViolet,33.45,11.02,37.64,4.14,511.04
lawrencewalton@hotmail.com,"584 Patterson Falls
West Alicia, DE 45751",Chocolate,32.22,12.22,36.95,2.91,438.42
ashleymoreno@gmail.com,"11430 Meza Green Suite 037
Martinezborough, FL 40624-8726",DarkViolet,31.67,12.33,37.07,3.98,475.73
wesleyvance@moore.com,"210 Johnson Street Suite 717
New Bethanyborough, MO 84817",Magenta,33.72,10.81,36.01,3.70,483.54
edwardbrown@yahoo.com,"2971 Angela Island
Lake Timothychester, NE 48734-6685",HotPink,33.22,12.14,37.14,5.84,663.80
youngellen@hotmail.com,"994 Joel Highway Suite 216
New Jessicafort, UT 14179",DodgerBlue,31.57,12.94,36.73,4.56,544.41
robin80@yahoo.com,"928 Bailey Road
East Mary, DE 11678-5634",Turquoise,33.89,13.30,36.39,4.49,630.16
dana59@hotmail.com,"31927 Jill Mountain
South Jessica, MN 63418",Blue,33.13,10.40,36.68,3.86,461.11
bwilliams@hotmail.com,"1549 Walker Passage Apt. 463
West Calvin, AZ 03144",PaleVioletRed,34.37,11.89,37.86,3.05,491.91
whitetyler@anderson-avery.com,"4547 Stafford Throughway Apt. 178
North Patrick, MD 60768-4837",MidnightBlue,34.08,11.59,36.46,4.65,574.42
rwilliams@trujillo.biz,"54560 Thompson Creek Apt. 029
New Brianville, FL 84430-8588",BlanchedAlmond,31.43,13.27,37.24,4.02,530.77
randall85@williams.com,"5086 Morales Islands Apt. 099
New Patricia, IL 78823",Black,33.63,12.99,39.67,3.97,581.80
kevin45@mathews.net,"02393 Baker Falls
New Georgeport, ND 36338-5110",DodgerBlue,31.86,14.04,37.02,3.74,556.30
deborah48@white.com,"1693 Gary Mission Suite 479
Lake Kelly, MO 68205",DarkGreen,33.29,11.91,38.42,3.38,502.13
hoganrichard@george.com,"4929 Michelle Grove
Lake Alexis, MT 92147-1660",BlanchedAlmond,33.75,11.14,38.40,4.60,556.19
kelly24@lewis.info,"983 Ross Glen
West Jessica, NJ 42860-5757",Bisque,34.14,12.90,36.61,2.22,475.07
katherinegray@yahoo.com,"685 Sexton Ranch Suite 125
Lake Robertshire, NE 04469-3024",Cyan,31.12,12.39,35.63,4.29,486.95
efoster@williamson-boyd.org,"4968 Bennett Manors
Rogerschester, IL 81579-8333",Lavender,34.28,11.82,36.31,2.12,434.14
jordandavid@gmail.com,"61502 Parker Vista Apt. 363
Jonesshire, GU 33532",Violet,33.67,10.99,36.35,0.94,304.14
sanchezamber@scott-patterson.com,"257 Hunt Manors
South Charlottefort, CT 15033",Fuchsia,32.26,14.13,37.02,3.76,571.22
tinayoung@hotmail.com,"83995 Owens Course Apt. 747
South Jennifer, NJ 29942",MistyRose,35.43,11.91,36.09,4.00,583.08
alicia28@fuller.com,"8055 Robinson Brooks Apt. 657
Walterview, KY 83019",CadetBlue,31.97,11.48,39.24,3.53,445.75
rileyalejandro@gmail.com,"Unit 1475 Box 4215
DPO AE 39546-5591",LightSteelBlue,32.15,10.05,37.18,3.54,392.99
oliviamarshall@sawyer-sellers.com,"Unit 5934 Box 9748
DPO AA 37361-3043",Brown,33.92,12.43,37.31,4.16,565.99
hortonrobert@hotmail.com,"31309 Stacey Keys Apt. 979
South Jason, KS 35357",Salmon,33.20,11.97,36.83,3.55,499.14
montgomerycheyenne@hotmail.com,"1812 Sandra Shoal Apt. 350
Amandamouth, SC 87794-1628",FireBrick,32.54,11.12,36.98,4.13,510.54
martinkristi@sanchez-coleman.com,"PSC 1893, Box 7023
APO AA 73445",Lime,34.08,8.67,35.91,2.25,308.53
jefferycampbell@gmail.com,"381 Ashley Locks Suite 366
North Migueltown, TX 09795-0494",GreenYellow,33.03,12.50,37.65,4.05,561.52
webertom@phelps.com,"189 Crawford Hill Apt. 746
New Madison, WV 14108-4333",DarkOrchid,31.27,12.13,35.46,3.07,423.47
aschmidt@johnson.biz,"Unit 1743 Box 8085
DPO AE 47693-8164",Blue,32.21,11.73,35.63,4.33,513.15
lisadelgado@gmail.com,"57993 Jennifer Unions Suite 685
Emilyville, OK 53366-2375",Olive,33.50,11.95,36.49,3.94,529.19
sharongraves@yahoo.com,"73098 Ronald Port
Cliffordborough, MO 37479-9244",Wheat,32.90,12.56,37.81,0.27,314.44
flevine@gmail.com,"5292 Melanie Crescent Apt. 064
Fischerborough, NV 85721-5045",AliceBlue,32.20,12.48,37.68,3.28,478.58
rskinner@johnson-jefferson.com,"24725 Neal Lock
Cynthiaville, NY 51578",OliveDrab,32.68,12.59,37.68,2.57,444.58
kiarakim@harris.org,"1502 Gonzalez Throughway
Kathrynchester, FM 86014-7194",Linen,33.00,10.95,37.65,3.83,475.02
rachelrodriguez@lara-waters.com,"35466 Tommy Stream
Port Daniellemouth, KS 68863-6330",LightSlateGray,33.94,11.48,36.84,2.40,436.72
dbrown@gmail.com,"76666 Kathy Locks
Port Susan, ME 64335",Indigo,33.55,11.12,36.81,4.03,521.20
mary45@gmail.com,"33213 Tanner Knolls Apt. 519
Whiteborough, OR 37119-7790",Lime,33.68,10.97,37.72,3.63,478.18
marcusleach@floyd.org,"Unit 3998 Box 4348
DPO AA 37629",SteelBlue,32.64,11.59,36.32,3.19,432.48
lmunoz@yahoo.com,"2100 Austin Camp Apt. 943
Anthonymouth, WV 24243-3781",Olive,33.42,10.71,35.77,3.39,438.30
dvasquez@wiley.com,"967 Chloe Springs Suite 554
Lake Ashley, GA 03230",HoneyDew,32.77,11.08,34.78,2.57,388.94
dylanmartin@hotmail.com,"42644 Helen Keys Apt. 103
Jessicahaven, KS 89406-1960",MidnightBlue,33.12,12.95,37.03,3.47,534.77
xkaufman@gmail.com,"02342 Melissa Islands
Smithhaven, KS 68335",DarkViolet,35.37,10.57,36.86,4.20,537.92
jasonhensley@yahoo.com,"97262 Brian Skyway
Lake Marissa, GU 96859",Sienna,33.98,11.66,37.43,2.09,407.88
gstrong@hotmail.com,"7875 Landry Road Apt. 947
Brownshire, NC 10074-7735",Pink,34.03,13.59,36.84,3.61,618.85
arnoldsamuel@wilson.com,"949 Tapia Viaduct
Martinezfurt, CT 79271-8205",LightSkyBlue,32.77,11.37,35.26,4.03,502.77
scottrose@yahoo.com,"50639 Sarah Isle Apt. 268
Yangmouth, MO 05540",SaddleBrown,33.50,11.23,37.21,2.32,397.42
salazarkaren@hotmail.com,"51173 Burton Wall Apt. 417
Prestonville, NY 37002",SteelBlue,31.87,10.29,36.93,3.49,392.29
susanibarra@yahoo.com,"426 Scott Radial Apt. 065
Abigailstad, MS 16590-2222",Thistle,32.53,14.12,38.41,5.32,689.24
nhenry@hotmail.com,"3874 Harper Plaza
North Nancy, ME 96802-9462",BlanchedAlmond,34.85,12.42,37.67,3.13,543.13
millerrachel@gallagher-nichols.com,"Unit 4742 Box 9517
DPO AE 67219-3123",Turquoise,34.21,10.77,34.65,4.99,577.74
garciakevin@gmail.com,"845 Colleen Ways
Lake Matthewview, VT 65340-3159",Orange,33.46,12.66,36.37,1.73,436.58
philliproberson@yahoo.com,"Unit 0373 Box 8981
DPO AA 89902",Beige,34.20,12.67,37.49,3.70,553.99
kstafford@estes-nguyen.com,"PSC 4856, Box 1297
APO AA 17032-7944",YellowGreen,31.17,13.97,36.67,1.79,427.36
kennethperry@bowen.org,"272 Frederick Lodge
East Andrew, FL 07414",SlateGray,32.52,11.51,36.60,3.02,424.73
prussell@lopez.com,"9985 Wolf Pass
Brandimouth, CA 63346",Bisque,34.52,11.41,36.38,4.04,541.05
mosleyjacob@yahoo.com,"PSC 1790, Box 8872
APO AE 01821-4769",Orange,33.67,12.26,38.86,3.14,469.38
rhaas@yahoo.com,"4502 Jennifer Prairie Suite 029
Lake Jesse, LA 02328-3633",DimGray,31.61,12.71,36.17,2.56,444.55
antonioharris@hotmail.com,"4307 Nicholas Drive Apt. 259
Ramirezberg, AS 59832",MediumBlue,33.70,13.47,37.07,2.38,492.56
austinthomas@gmail.com,"5855 Gross Burgs Suite 169
Ballland, AS 98525",AntiqueWhite,33.81,11.19,36.30,4.30,535.32
bethsullivan@reed.net,"80500 Mary Corners Apt. 225
Wallsville, ME 80526",Beige,34.34,11.25,38.68,2.09,408.96
ncummings@yahoo.com,"344 Jessica Stravenue
New Brian, MA 04730-6761",Beige,31.06,12.36,36.17,4.09,487.56
hking@hotmail.com,"85181 Christian Courts Suite 758
Larryfurt, MS 38722-6766",PeachPuff,33.07,11.76,36.88,3.52,487.65
annstone@hotmail.com,"543 Reynolds Burg
Melindaberg, KY 46631",LightPink,34.61,11.76,38.13,1.82,402.17
christopher44@hotmail.com,"549 Anna Avenue
Port Laura, CA 76209-9339",WhiteSmoke,34.24,11.55,35.77,4.18,551.02
autumn88@mendoza-mills.com,"214 Obrien Lakes Suite 572
South Jeremy, KS 52867-7617",MediumOrchid,32.05,12.48,35.54,3.39,497.39
dhudson@ramos.net,"5661 Grant Centers
Stevensfurt, CT 53959",Olive,30.97,11.73,36.07,4.43,494.64
egomez@hotmail.com,"768 Riley Pine Apt. 624
Kellymouth, OK 98992-3108",MistyRose,33.61,12.21,37.20,2.91,479.25
kimberlyruiz@smith-gordon.com,"503 Adams Pines Apt. 638
North Ashleyside, AZ 34687-6128",DarkRed,33.45,11.90,36.87,2.78,462.66
mooremichelle@logan.com,"07813 Randy Point
Lake Thomasberg, MO 06013-9920",Pink,33.37,12.22,36.36,3.45,515.50
aaron22@gmail.com,"38678 Sean Drive Suite 293
Karentown, IA 78306-2717",DarkGray,33.45,12.01,36.53,4.71,576.48
michelleshepherd@price.com,"6820 Erica Vista Apt. 418
Brightside, IA 50639",Orchid,32.90,11.91,36.06,1.23,357.86
zscott@wright.com,"9909 Hoffman Ranch Suite 195
Scotthaven, SC 53575",PeachPuff,35.63,12.13,38.19,4.02,597.74
tracy79@wheeler.net,"513 Moore Crescent Apt. 416
Amandaberg, GU 03655-2219",Magenta,32.25,11.31,37.13,1.71,327.38
brian28@sanchez.org,"7446 Mary Ferry
Lake Sherryfurt, GA 49066-0207",GhostWhite,34.70,11.61,37.68,3.16,510.40
leonardhancock@hotmail.com,"64147 Alexander Station Apt. 474
East Jasonview, MN 83788",SeaShell,34.34,11.69,36.81,3.45,510.50
davidsonkathleen@gmail.com,"70128 Zimmerman Overpass
Robertsshire, VA 59860",DarkBlue,33.68,11.20,37.84,2.21,403.82
nathan84@lowery.net,"01242 Stephanie Ways Suite 003
Churchville, MO 35617",MediumSeaGreen,32.06,12.63,35.54,5.41,627.60
kellydeborah@chan.biz,"354 Sanchez Wall Suite 884
Juliabury, VI 39735",DarkTurquoise,33.43,13.35,37.97,2.77,510.66
lewisjessica@craig-evans.com,"4483 Jones Motorway Suite 872
Lake Jamiefurt, UT 75292",Tan,33.24,13.57,36.42,3.75,573.85
katrina56@gmail.com,"172 Owen Divide Suite 497
West Richard, CA 19320",PaleVioletRed,34.70,11.70,37.19,3.58,529.05
dale88@hotmail.com,"0787 Andrews Ranch Apt. 633
South Chadburgh, TN 56128",Cornsilk,32.65,11.50,38.33,4.96,551.62
cwilson@hotmail.com,"680 Jennifer Lodge Apt. 808
Brendachester, TX 05000-5873",Teal,33.32,12.39,36.84,2.34,456.47
hannahwilson@davidson.com,"49791 Rachel Heights Apt. 898
East Drewborough, OR 55919-9528",DarkMagenta,33.72,12.42,35.77,2.74,497.78